motif_name,motif_idx,sequence_name,start,end,strand,score,p-value,q-value,test_idx
pos_patterns.pattern_1,1,0,94,120,+,16.508947901384378,1.6073529885765616e-06,7.414456435918383e-06,13521
pos_patterns.pattern_3,3,0,149,175,-,15.648177308520857,3.5882859911705265e-06,4.7455551904171465e-05,13521
pos_patterns.pattern_2,2,1,120,132,-,11.514114518778154,6.912772856921325e-05,0.00021146553188298702,19552
pos_patterns.pattern_0,0,1,33,43,-,8.982918063046966,0.0003095935908277165,0.0004760066406085222,19552
pos_patterns.pattern_2,2,1,54,80,+,8.728441161342401,0.0002631464723266638,0.00045912756511486087,19552
pos_patterns.pattern_1,1,2,100,110,+,18.95679602400918,2.2680944476369266e-07,2.591443297094909e-06,3844
pos_patterns.pattern_1,1,2,135,145,+,13.797021056006257,9.769033997023691e-06,2.8714258239272878e-05,3844
pos_patterns.pattern_1,1,2,177,189,-,8.64294263904687,0.0001367845715134798,0.0002483749187710131,3844
pos_patterns.pattern_2,2,3,35,48,-,12.225291165075198,4.486232985430502e-05,0.00016678483395595695,51146
pos_patterns.pattern_0,0,3,19,29,-,6.982749733336474,0.0006636004554820821,0.0007634857770015416,51146
pos_patterns.pattern_1,1,4,135,145,+,11.563388528770782,3.3367437515870085e-05,7.680025907578381e-05,118123
pos_patterns.pattern_0,0,4,13,38,+,6.308481979455543,0.0008166900033756965,0.0008708734605334788,118123
pos_patterns.pattern_1,1,5,42,55,-,18.545213164152994,3.3037360636783927e-07,3.0927411554098567e-06,38007
pos_patterns.pattern_0,0,6,223,234,-,13.990924318031666,1.2914289982290952e-05,9.743451959580222e-05,271183
pos_patterns.pattern_0,0,6,150,176,-,11.825495550389505,6.0465627029771e-05,0.00017498468688714866,271183
pos_patterns.pattern_0,0,6,192,200,+,10.624724156864099,0.00012638614316529118,0.0002774783759394085,271183
pos_patterns.pattern_4,4,7,22,39,+,10.355604945512336,5.941942050252343e-05,0.00014683032405986336,72232
pos_patterns.pattern_0,0,7,59,70,-,9.036511644059022,0.00029602724498545237,0.00046246594935242535,72232
pos_patterns.pattern_0,0,7,208,216,+,8.494112904218367,0.00038196472905838093,0.0005363564281697825,72232
pos_patterns.pattern_0,0,7,228,241,+,6.408671993344317,0.0007891790792200473,0.0008514477515205524,72232
pos_patterns.pattern_2,2,8,80,93,-,13.808526811296792,1.3488847543306235e-05,9.615444533164193e-05,66972
pos_patterns.pattern_0,0,8,38,59,-,13.724274640479464,1.571869961480843e-05,0.00010141249560338678,66972
pos_patterns.pattern_3,3,10,105,118,+,15.227058630588875,4.686168195968701e-06,5.77427359171558e-05,2905
pos_patterns.pattern_3,3,10,128,140,+,14.834931156624057,6.061952769408405e-06,6.730766020011266e-05,2905
pos_patterns.pattern_0,0,10,154,165,+,7.568121100678159,0.0005361482235457511,0.0006576737868398818,2905
pos_patterns.pattern_3,3,11,89,130,-,14.161636622302849,9.320251437865463e-06,8.703495427744237e-05,218918
pos_patterns.pattern_0,0,11,171,182,-,13.703337321007968,1.571869961480843e-05,0.00010141249560338678,218918
pos_patterns.pattern_0,0,12,10,36,-,11.450761850662236,7.770328193146262e-05,0.0002023187767058345,94207
pos_patterns.pattern_1,1,13,113,123,+,14.607310721783286,5.650369707326646e-06,1.8930862718682354e-05,207374
pos_patterns.pattern_1,1,13,191,201,-,13.056139313415404,1.4685342260949126e-05,3.990114946023738e-05,207374
pos_patterns.pattern_1,1,14,226,237,+,16.053637444564487,2.2737951602402875e-06,9.504719731736136e-06,18085
pos_patterns.pattern_0,0,14,10,21,-,14.319484818765993,8.122298822854659e-06,9.5291060211645e-05,18085
pos_patterns.pattern_0,0,14,32,42,+,9.11409863021601,0.00028276149805606067,0.00044929372820453847,18085
pos_patterns.pattern_2,2,15,140,164,-,12.61151755054056,3.422117314978019e-05,0.00013994658703883793,217416
pos_patterns.pattern_4,4,15,115,125,-,5.740340683577288,0.0003211181832733604,0.0005390198076374264,217416
pos_patterns.pattern_3,3,16,90,117,-,16.136983316044365,2.5323071571213204e-06,3.8650198663978576e-05,204547
pos_patterns.pattern_1,1,16,36,46,+,10.80894403130377,4.7817651855932316e-05,0.00010455125449952632,204547
pos_patterns.pattern_0,0,17,207,226,+,14.58154112024527,6.173011570354011e-06,9.5291060211645e-05,223697
pos_patterns.pattern_2,2,17,144,155,+,13.614231361291735,1.5964739314145787e-05,9.767403501646675e-05,223697
pos_patterns.pattern_3,3,18,147,157,-,17.733819511272188,7.252166316206616e-07,1.8692828688508073e-05,19026
pos_patterns.pattern_1,1,18,120,138,+,16.542354079049392,1.6073529885765616e-06,7.414456435918383e-06,19026
pos_patterns.pattern_3,3,18,170,179,-,14.391542121230984,8.262620969853842e-06,8.012046284011825e-05,19026
pos_patterns.pattern_3,3,19,17,27,+,19.093375618342822,2.1627080184008464e-07,9.338462315351347e-06,289356
pos_patterns.pattern_1,1,19,65,80,-,16.277409867284394,1.9824393758007016e-06,8.477687004383807e-06,289356
pos_patterns.pattern_0,0,19,42,62,-,7.998212742349388,0.00046303065664687844,0.0006028046287203475,289356
pos_patterns.pattern_1,1,20,155,170,-,17.83952812842261,6.021086568427931e-07,4.102440634390651e-06,216387
pos_patterns.pattern_0,0,20,100,121,-,13.974612045939448,1.2914289982290952e-05,9.743451959580222e-05,216387
pos_patterns.pattern_3,3,20,78,86,-,11.960859442436195,3.153241719815092e-05,0.0001739102310972254,216387
pos_patterns.pattern_5,5,21,68,98,+,21.020032169809106,4.5994909055047053e-08,2.6958127251708135e-06,17316
pos_patterns.pattern_2,2,23,111,135,-,15.348260246150666,3.131411947051957e-06,5.9344075191692106e-05,211686
pos_patterns.pattern_0,0,23,83,97,-,9.06596285094805,0.00029602724498545237,0.00046246594935242535,211686
pos_patterns.pattern_3,3,23,65,73,+,8.09166115526478,0.00019017347870564448,0.0004894327123896675,211686
pos_patterns.pattern_0,0,24,19,30,+,12.211797655564617,4.693138453149003e-05,0.00014775207118333136,62390
pos_patterns.pattern_0,0,24,73,84,-,9.126737357180435,0.00028276149805606067,0.00044929372820453847,62390
pos_patterns.pattern_0,0,24,44,55,+,6.762627676532607,0.0007115404005162416,0.0007962150738982127,62390
pos_patterns.pattern_0,0,25,150,163,-,13.381292286826113,2.2105475181888323e-05,0.00011295809748322695,286195
pos_patterns.pattern_0,0,25,180,193,-,12.418842844246193,4.129025819565873e-05,0.00013943887614995231,286195
pos_patterns.pattern_5,5,25,238,248,+,9.74417517986813,5.681702596461484e-05,0.0002309902211663535,286195
pos_patterns.pattern_4,4,25,202,232,+,7.716361338735265,0.0001640035047178713,0.00032523901779493464,286195
pos_patterns.pattern_1,1,27,115,140,+,11.678891095083152,3.165933621830642e-05,7.370637522924438e-05,219904
pos_patterns.pattern_2,2,28,110,129,+,13.94218332678678,1.237227935554921e-05,9.30315586380168e-05,281721
pos_patterns.pattern_3,3,30,8,17,+,17.765804627369484,7.252166316206616e-07,1.8692828688508073e-05,8240
pos_patterns.pattern_5,5,30,102,132,-,16.981060759338522,1.3986244980198133e-06,1.954369331670075e-05,8240
pos_patterns.pattern_3,3,32,120,140,+,18.29429295716625,4.662630696192215e-07,1.4908614099470298e-05,211018
pos_patterns.pattern_5,5,33,131,147,-,10.694563043352852,3.8776144842425356e-05,0.0001729760372463372,213189
pos_patterns.pattern_1,1,33,90,110,+,8.786697618037293,0.00013070823678785687,0.00024008075149492588,213189
pos_patterns.pattern_0,0,34,215,239,-,12.439865261215965,4.129025819565873e-05,0.00013943887614995231,49081
pos_patterns.pattern_0,0,35,128,148,+,10.37537404988808,0.00015059609631862242,0.0003112384033810266,5610
pos_patterns.pattern_0,0,35,90,108,+,9.440094455787946,0.0002448494433338054,0.0004185019936299824,5610
pos_patterns.pattern_1,1,37,215,232,-,7.049047823431387,0.00027558083722191803,0.00043982385768655735,223538
pos_patterns.pattern_0,0,38,138,146,-,13.804565481323884,1.4283830751082863e-05,9.935163406365987e-05,19850
pos_patterns.pattern_0,0,38,5,21,-,12.328947978258624,4.402844206197189e-05,0.00014391151831978885,19850
pos_patterns.pattern_0,0,38,119,129,-,9.246984439232023,0.0002698049520404308,0.0004401575063432416,19850
pos_patterns.pattern_0,0,39,115,138,+,15.048697673247839,2.68044277618174e-06,9.5291060211645e-05,220734
pos_patterns.pattern_0,0,39,101,110,-,12.581295323127533,3.870368345815225e-05,0.00013660248872709432,220734
pos_patterns.pattern_3,3,40,60,78,-,19.144836141683726,1.9532450162840196e-07,9.136846131728581e-06,212495
pos_patterns.pattern_2,2,40,146,156,-,15.567241508119654,2.503818601311791e-06,5.3058192360525436e-05,212495
pos_patterns.pattern_0,0,40,94,101,+,15.120086656053711,2.204810698458463e-06,9.5291060211645e-05,212495
pos_patterns.pattern_4,4,42,85,99,+,13.946070842311823,1.1100950873156284e-05,4.269596489675494e-05,242913
pos_patterns.pattern_0,0,42,66,74,+,11.432252355375681,7.770328193146271e-05,0.0002023187767058345,242913
pos_patterns.pattern_0,0,44,112,135,+,13.238129589801432,2.3870488803368065e-05,0.0001167669295926769,19460
pos_patterns.pattern_2,2,44,90,101,+,8.016841684563941,0.00034580815176376016,0.0005356005327317781,19460
pos_patterns.pattern_3,3,45,10,40,-,19.064917607210102,2.1627080184008464e-07,9.338462315351347e-06,231631
pos_patterns.pattern_0,0,45,66,75,+,9.205180948690304,0.0002698049520404308,0.0004401575063432416,231631
pos_patterns.pattern_5,5,46,124,148,+,20.077995530926255,1.2475057473409343e-07,4.538339873947192e-06,67932
pos_patterns.pattern_2,2,46,175,190,+,11.768701485814413,6.140546640449541e-05,0.00019824950441672966,67932
pos_patterns.pattern_0,0,47,121,131,-,15.006246150843571,2.68044277618174e-06,9.5291060211645e-05,219928
pos_patterns.pattern_2,2,47,60,78,+,14.108519327088855,1.0363034679353362e-05,8.720662035224796e-05,219928
pos_patterns.pattern_6,6,48,79,102,+,21.57991237484449,2.3287529090219245e-08,1.2628632962883479e-06,1802
pos_patterns.pattern_0,0,48,122,148,+,9.687335173170329,0.00022124682345747704,0.0003945650386075641,1802
pos_patterns.pattern_3,3,49,145,160,+,17.09658649547752,1.2889189532324179e-06,2.6256526418266834e-05,268412
pos_patterns.pattern_1,1,49,195,203,-,16.35742062738139,1.8496120050663651e-06,8.080265778995807e-06,268412
pos_patterns.pattern_5,5,49,230,243,+,5.172075279364802,0.0003134627781315759,0.0006263318767591148,268412
pos_patterns.pattern_1,1,50,180,198,-,11.27502072143238,3.899655912640092e-05,8.811798553105603e-05,316657
pos_patterns.pattern_0,0,51,122,130,-,9.195398544712418,0.00028276149805606067,0.00044929372820453847,220990
pos_patterns.pattern_0,0,51,153,173,+,9.154876178735513,0.00028276149805606067,0.00044929372820453847,220990
pos_patterns.pattern_0,0,51,133,140,+,8.01603247711483,0.00044599323427973965,0.0005893580489256068,220990
pos_patterns.pattern_4,4,52,165,175,+,15.072187199208724,5.945054147473219e-06,2.7885982528067994e-05,23859
pos_patterns.pattern_0,0,52,195,215,-,13.485724655228895,2.040975505224196e-05,0.00010862054701247111,23859
pos_patterns.pattern_2,2,52,226,236,+,11.04005969980095,9.145110756956986e-05,0.00024729992081747954,23859
pos_patterns.pattern_0,0,0,55,63,+,11.577720907197168,6.484985351562499e-05,0.0005122641442527239,351897
pos_patterns.pattern_2,8,0,96,103,+,11.356333897258782,7.497825299651587e-05,0.00045327762038802776,351897
pos_patterns.pattern_9,15,0,108,119,-,10.927496449759312,5.142317058925981e-05,0.00042876955713550674,351897
pos_patterns.pattern_1,1,0,166,173,+,10.921370520626356,0.00015830993652343758,0.0005410860313751671,351897
pos_patterns.pattern_9,15,1,102,115,+,14.118292609749094,7.302915037143954e-06,0.00019813370258466712,267095
pos_patterns.pattern_14,6,1,197,208,-,13.178407453231141,1.9641517491564266e-05,0.00032819988166071914,267095
pos_patterns.pattern_7,13,1,89,98,-,10.66776220986251,0.00011546889800229098,0.0005201301711814916,267095
pos_patterns.pattern_5,11,5,113,127,+,15.743874645662407,2.0899851733702226e-06,0.00017272767233104456,345167
pos_patterns.pattern_10,2,5,154,162,+,13.071789464792346,1.7655444025876983e-05,0.00034009173110863034,345167
pos_patterns.pattern_5,11,5,82,96,+,11.34795549838262,9.092472100746803e-05,0.0004576047434310282,345167
pos_patterns.pattern_2,8,7,126,135,+,10.601938998191777,0.0001387279926348128,0.0005611162635908977,150605
pos_patterns.pattern_0,0,9,50,58,-,9.297195633120324,0.0004005432128906257,0.0007072091102600111,234291
pos_patterns.pattern_0,0,9,30,39,-,8.872422436831084,0.0004959106445312505,0.0007883779239171541,234291
pos_patterns.pattern_2,8,10,137,148,-,10.646993414619907,0.00013872799263481265,0.0005611162635908977,176117
pos_patterns.pattern_2,8,10,40,48,-,8.847493452720709,0.0004644527098207615,0.000802849829437876,176117
pos_patterns.pattern_9,15,11,167,189,+,17.790328610327983,3.4142067306674853e-07,3.884486173891685e-05,119628
pos_patterns.pattern_10,2,11,124,137,+,14.485732215177649,7.21979631634895e-06,0.00023443710038658806,119628
pos_patterns.pattern_2,8,12,40,53,+,8.989867953432023,0.0004395628557176674,0.0007906536330768863,181314
pos_patterns.pattern_2,8,12,23,33,+,7.9004093266601085,0.0007237774334498678,0.0009178131110657044,181314
pos_patterns.pattern_2,8,13,224,239,+,11.934597120262413,4.090949187229851e-05,0.0003543921882117507,46903
pos_patterns.pattern_7,13,13,194,203,+,11.664941537867346,5.576619332714486e-05,0.0004161656218443646,46903
pos_patterns.pattern_3,9,13,171,191,+,7.308675717710923,0.0006532818442792626,0.000798870369575785,46903
pos_patterns.pattern_3,9,15,172,183,-,8.726187125394262,0.00030698926730110543,0.0005229508712631766,152735
pos_patterns.pattern_10,2,15,100,114,+,5.95808439528609,0.0003734369947778754,0.000932771746296825,152735
pos_patterns.pattern_5,11,19,149,161,-,16.02325815237527,1.3252229109639304e-06,0.0001665085053900838,209849
pos_patterns.pattern_1,1,19,51,59,-,12.590925923837322,5.722045898437507e-06,0.0002712673611111109,209849
pos_patterns.pattern_2,8,19,91,105,+,12.221534246638718,2.9319241548364537e-05,0.000304086262114001,209849
pos_patterns.pattern_1,1,19,138,143,-,9.28084858558868,0.0004997253417968737,0.0007399056535569693,209849
pos_patterns.pattern_0,0,19,123,128,-,7.644069125776111,0.0008544921874999998,0.0009374525940533978,209849
pos_patterns.pattern_2,8,20,49,63,+,11.654474510697312,5.592027628154023e-05,0.0004105056645213067,353207
pos_patterns.pattern_1,1,28,23,32,+,11.970818819063016,3.0517578125e-05,0.00036922501929012374,100923
pos_patterns.pattern_4,10,28,89,110,+,7.619122397693803,0.0007583634323964361,0.0009885824158962244,100923
pos_patterns.pattern_12,4,29,80,95,+,13.653475615316685,5.334667917923156e-06,0.0001380055396158385,216770
pos_patterns.pattern_0,0,29,221,230,+,11.452235255153104,8.010864257812497e-05,0.0005122641442527239,216770
pos_patterns.pattern_1,1,30,6,16,+,11.302573570802352,9.155273437499988e-05,0.0004533365570599613,64837
pos_patterns.pattern_1,1,31,108,117,-,8.75901900178022,0.0005655288696289048,0.0007753547408136471,12503
pos_patterns.pattern_4,10,32,158,169,+,7.477852063498929,0.000832985622764681,0.0009885824158962244,235060
pos_patterns.pattern_0,0,33,218,227,-,11.706928355078606,5.3405761718750054e-05,0.0005122641442527239,42702
pos_patterns.pattern_2,8,33,60,71,+,9.56012624579336,0.0003072951931244457,0.0007046596669922635,42702
pos_patterns.pattern_1,1,34,6,25,-,8.649307372955784,0.0005769729614257796,0.0007753547408136471,353048
pos_patterns.pattern_3,9,35,104,116,+,13.307698269744945,1.2162018720118786e-05,6.38692516835686e-05,204863
pos_patterns.pattern_3,9,35,121,133,-,9.111493280192361,0.0002435041378703315,0.0004584447405066065,204863
pos_patterns.pattern_1,1,36,236,244,-,12.219437686464772,1.430511474609376e-05,0.0002929687500000002,302547
pos_patterns.pattern_14,6,36,15,40,-,11.428633099592385,6.196890353304949e-05,0.0004814259492658468,302547
pos_patterns.pattern_1,1,37,106,122,+,12.313274332643811,1.0490417480468743e-05,0.0002712673611111109,90561
pos_patterns.pattern_1,1,37,239,248,-,10.593791562433584,0.00023937225341796875,0.0006171127580563947,90561
pos_patterns.pattern_2,8,37,17,28,+,7.869570019462911,0.0007563511853732044,0.0009179334568592673,90561
pos_patterns.pattern_1,1,41,222,230,-,12.113167475292311,1.811981201171877e-05,0.0003385891879562048,213065
pos_patterns.pattern_0,0,41,50,58,+,11.572113179000532,6.484985351562499e-05,0.0005122641442527239,213065
pos_patterns.pattern_1,1,41,108,115,+,11.073315156868366,0.00013923645019531253,0.0005226470857771262,213065
neg_patterns.pattern_0,16,41,117,137,+,9.388215112201776,0.0001325607299804687,0.0009110088278006793,213065
pos_patterns.pattern_1,1,43,86,93,-,10.336624343256807,0.00028419494628906223,0.0006354052947598247,51815
pos_patterns.pattern_2,8,43,195,205,+,9.47169111330425,0.00032730436578276545,0.0007233970391347338,51815
pos_patterns.pattern_8,14,43,151,164,-,9.394721981497815,0.0002779690148599914,0.0009104187178621436,51815
pos_patterns.pattern_2,8,44,83,103,-,10.607772473401896,0.00013872799263481265,0.0005611162635908977,106576
pos_patterns.pattern_1,1,46,130,140,-,11.752016813207682,4.6730041503906284e-05,0.00036922501929012374,205260
pos_patterns.pattern_1,1,46,69,75,+,11.525601132064324,6.771087646484371e-05,0.0004012496383101855,205260
pos_patterns.pattern_4,10,46,210,221,-,8.983375979543261,0.00039147127790784003,0.00098662318380463,205260
pos_patterns.pattern_6,12,48,133,145,-,10.153399370203017,0.0001720200671115889,0.000728121373764171,176181
pos_patterns.pattern_2,8,48,160,171,+,8.770320932324479,0.0004901462807538332,0.0008118833265819903,176181
pos_patterns.pattern_0,0,49,113,121,-,9.198545870972545,0.00042724609375000043,0.0007310540368526659,278611
pos_patterns.pattern_6,12,49,126,138,-,8.245683567029147,0.0005107257138661218,0.000871019490193496,278611
pos_patterns.pattern_4,10,51,112,124,+,12.768793920892948,2.2852950678497964e-05,0.0005675841932150599,72613
pos_patterns.pattern_3,9,52,215,234,-,12.6905767369565,2.1909277165832393e-05,9.634079411277008e-05,330524
pos_patterns.pattern_3,9,52,107,127,-,10.768890937727123,8.891970810509488e-05,0.00024699384576948,330524
pos_patterns.pattern_9,15,53,100,120,+,18.44064636408466,1.5294335753424072e-07,1.997893414900989e-05,104028
pos_patterns.pattern_2,8,53,208,228,+,9.883042259997042,0.00025210059902747156,0.0006597215907420291,104028
pos_patterns.pattern_1,1,54,134,144,-,12.67442499472844,3.814697265625e-06,0.0002712673611111109,76384
pos_patterns.pattern_1,1,54,9,14,+,10.412472541903595,0.0002622604370117187,0.0006222305085727524,76384
pos_patterns.pattern_0,0,54,32,41,+,9.652800105641195,0.00032806396484375,0.0006672287261940927,76384
pos_patterns.pattern_10,2,54,21,29,+,5.901862455793342,0.0003734369947778754,0.000932771746296825,76384
pos_patterns.pattern_6,12,57,163,176,-,14.611775949721244,2.5438494049012636e-06,0.0002707677494981906,76489
pos_patterns.pattern_1,1,57,100,110,-,10.331160152026495,0.00028419494628906223,0.0006354052947598247,76489
pos_patterns.pattern_1,1,61,206,216,-,11.17413296689941,0.00012302398681640625,0.0005022988935406698,3632
pos_patterns.pattern_2,8,61,125,135,+,9.65186552813023,0.0002880951687984632,0.0006959221972791937,3632
pos_patterns.pattern_1,1,63,224,232,-,11.06297758158044,0.00013923645019531253,0.0005226470857771262,250349
pos_patterns.pattern_0,0,65,98,107,+,11.867126505516513,4.57763671875e-05,0.0005122641442527239,200055
pos_patterns.pattern_3,9,66,199,213,-,10.790207780332135,8.891970810509488e-05,0.00024699384576948,207153
pos_patterns.pattern_1,1,66,153,162,+,9.86934051713131,0.00039291381835937457,0.0006956150587828485,207153
pos_patterns.pattern_8,14,66,185,197,+,7.422795145265614,0.0008733003887755322,0.000963155275715873,207153
pos_patterns.pattern_12,4,71,80,96,+,12.312390805844927,1.388368892594112e-05,0.00019211150955662757,399869
pos_patterns.pattern_6,12,72,69,80,+,13.259333206151128,1.4816461771260905e-05,0.0004255443120402753,377606
pos_patterns.pattern_15,7,72,167,193,+,8.64952346786552,1.778802333952533e-05,7.627810438497548e-05,377606
pos_patterns.pattern_4,10,72,121,134,+,8.277213169165334,0.0005656912853737595,0.0009885824158962244,377606
pos_patterns.pattern_7,13,73,78,91,-,14.581812390453251,3.639139322331177e-06,0.0001582234487970077,39016
pos_patterns.pattern_1,1,73,18,28,-,11.457561200608293,7.915496826171879e-05,0.00042931508209745784,39016
pos_patterns.pattern_1,1,73,110,120,-,10.60202576310651,0.00021743774414062495,0.0005991825888051667,39016
pos_patterns.pattern_0,0,75,221,230,+,12.817731041433655,1.525878906250002e-05,0.0005122641442527239,67454
pos_patterns.pattern_6,12,76,86,101,+,12.805142922253156,2.161483826057517e-05,0.00044723643283278334,212800
pos_patterns.pattern_1,1,76,124,132,+,11.752016813207684,4.673004150390622e-05,0.00036922501929012374,212800
pos_patterns.pattern_1,1,76,47,55,+,11.727156285662613,4.673004150390622e-05,0.00036922501929012374,212800
pos_patterns.pattern_12,4,76,142,159,+,5.601403259610157,0.0005133057397392176,0.0007665537490189473,212800
pos_patterns.pattern_1,1,77,75,85,+,12.089678817358887,2.2888183593750027e-05,0.00036922501929012374,9217
pos_patterns.pattern_1,1,77,192,202,+,11.954943836417621,3.0517578125e-05,0.00036922501929012374,9217
pos_patterns.pattern_1,1,77,97,107,-,10.821117824683043,0.00017738342285156266,0.0005690495770676698,9217
pos_patterns.pattern_0,0,77,116,125,+,9.422874112589822,0.00035858154296875005,0.0006780407355332799,9217
pos_patterns.pattern_7,13,78,127,143,-,10.655000837193061,0.00011546889800229098,0.0005201301711814916,11952
pos_patterns.pattern_1,1,79,178,186,+,12.079909196093915,2.2888183593750027e-05,0.00036922501929012374,228196
pos_patterns.pattern_1,1,79,69,77,+,10.234406046238727,0.0003070831298828123,0.0006438434172809168,228196
pos_patterns.pattern_6,12,79,204,222,-,9.435952895884647,0.00026388999867776864,0.0007849751123459206,228196
pos_patterns.pattern_2,2,2,164,170,+,9.835820945105972,0.0002366220578551291,0.000981754623353481,348462
pos_patterns.pattern_4,4,2,132,147,+,7.350389868971023,0.0009443191811442364,0.000986068029152721,348462
pos_patterns.pattern_1,1,7,113,128,-,10.329618783707117,0.0001504775136709211,0.0008710976069172222,142980
pos_patterns.pattern_2,2,31,162,171,+,6.982613376628279,0.0009032683447003361,0.000981754623353481,156458
pos_patterns.pattern_2,2,31,66,77,-,6.794454746676396,0.000981754623353481,0.000981754623353481,156458
pos_patterns.pattern_3,3,32,31,58,+,10.295942972603296,9.562579831094885e-05,0.0005553736295496304,319235
neg_patterns.pattern_1,9,45,88,118,-,15.742280943859663,2.3358750365076794e-06,3.621917645343363e-05,378294
neg_patterns.pattern_0,8,45,195,206,+,8.590427905360013,0.0008291788399219512,0.0009514295663207005,378294
neg_patterns.pattern_0,8,45,158,165,-,8.58898118359033,0.0008291788399219512,0.0009514295663207005,378294
neg_patterns.pattern_0,8,54,38,47,-,9.918814839600396,0.00014370214194059367,0.0007237984508566266,343598
neg_patterns.pattern_0,8,54,93,104,+,8.781183707250555,0.0007034791633486747,0.0009259027223486233,343598
neg_patterns.pattern_1,9,57,146,179,-,11.832471197367271,2.5743255389620876e-05,0.00013342548504661735,244995
pos_patterns.pattern_6,6,57,48,63,+,5.891611628625078,0.0007147118449211111,0.0009393050591368598,244995
pos_patterns.pattern_1,1,80,80,89,-,9.852452361599966,0.0002133836969733236,0.0009145299877898989,144305
neg_patterns.pattern_0,8,80,123,132,-,9.563646854831184,0.0002826079726219176,0.0008199859754254393,144305
neg_patterns.pattern_0,8,81,143,152,+,10.18023723067218,9.467266499996184e-05,0.0006863030886445833,133733
neg_patterns.pattern_0,8,81,126,135,+,9.525529415088807,0.00028260797262191724,0.0008199859754254393,133733
pos_patterns.pattern_0,0,81,84,91,+,8.409775250177518,0.0006885994225740436,0.0009937761351466183,133733
neg_patterns.pattern_0,8,86,79,90,+,9.009789135858432,0.0005274312570691105,0.0008804394083212495,311011
pos_patterns.pattern_4,4,97,229,240,+,12.881932285987258,1.850351691246034e-05,0.0009433246321148354,121856
pos_patterns.pattern_0,0,97,197,208,+,8.406170502431001,0.0006885994225740436,0.0009937761351466183,121856
pos_patterns.pattern_5,5,97,162,167,-,7.749991701389048,0.000574056059122085,0.0009663431560665805,121856
neg_patterns.pattern_0,8,104,98,107,+,9.74024320634204,0.00020626094192266445,0.0008012841600234402,400745
neg_patterns.pattern_0,8,115,82,93,+,10.44637603616577,4.493165761232379e-05,0.0005974626700792998,398889
pos_patterns.pattern_1,1,115,228,237,+,9.287166128658603,0.00031681265681982046,0.0009145299877898989,398889
neg_patterns.pattern_0,8,115,74,79,+,8.991580249665983,0.0005842950195074076,0.0008950984268556545,398889
neg_patterns.pattern_0,8,115,45,50,+,8.652376772025141,0.0007654465734958653,0.0009355011431328145,398889
neg_patterns.pattern_0,8,120,32,40,-,10.458252561074586,4.493165761232373e-05,0.0005974626700792998,315612
pos_patterns.pattern_0,0,122,154,165,-,12.058020149271373,1.9262544810771942e-05,0.0009937761351466183,176131
pos_patterns.pattern_0,0,122,47,56,-,9.176693305433709,0.0004442483186721799,0.0009937761351466183,176131
neg_patterns.pattern_0,8,126,61,75,-,11.497414133157351,7.776543498039231e-07,0.00020106685244374766,279492
neg_patterns.pattern_0,8,128,125,137,-,9.232931649229782,0.0004212344065308571,0.0008501409054616691,58619
neg_patterns.pattern_0,8,131,143,155,-,9.358036961478785,0.0003721658140420912,0.0008351300378745865,187329
pos_patterns.pattern_6,6,132,217,232,+,8.831685014507315,0.00021464377641677908,0.0008366985612464992,79223
neg_patterns.pattern_0,8,132,96,111,-,8.537954787046047,0.0008291788399219512,0.0009514295663207005,79223
pos_patterns.pattern_0,0,137,116,127,-,11.369177570353576,5.448888987302778e-05,0.0009937761351466183,199068
neg_patterns.pattern_1,9,140,141,159,-,25.517613228531747,1.6829915239213805e-10,4.238267654741072e-07,117954
neg_patterns.pattern_0,8,141,162,171,-,9.303360389845016,0.0003721658140420912,0.0008351300378745865,107395
pos_patterns.pattern_6,6,141,67,77,+,5.202970341233265,0.0008732322603464127,0.0009756392612422462,107395
pos_patterns.pattern_5,5,142,28,40,+,8.807381377279533,0.0003270115703344346,0.0008939131770846862,395283
pos_patterns.pattern_5,5,142,167,182,-,8.426037358147264,0.0004039015620946879,0.0009249789619838797,395283
neg_patterns.pattern_0,8,145,55,71,-,9.012634786417147,0.0005274312570691112,0.0008804394083212495,335814
pos_patterns.pattern_0,0,146,180,191,-,10.646356039572265,0.0001229820773005485,0.0009937761351466183,379745
neg_patterns.pattern_0,8,146,114,123,+,9.188613606572076,0.00047300383448600715,0.0008680441031931703,379745
neg_patterns.pattern_0,8,146,79,88,-,8.301046054000693,0.000961301848292351,0.000961301848292351,379745
neg_patterns.pattern_1,9,165,123,148,+,21.802977113570826,1.5491720795068933e-08,3.1136904176417657e-06,56189
neg_patterns.pattern_1,9,181,113,128,+,13.361415882686597,1.0798676247425481e-05,8.167882134779722e-05,81735
neg_patterns.pattern_0,8,181,165,176,+,9.678871587399895,0.00024269614368677115,0.0008033484016488153,81735
pos_patterns.pattern_3,3,184,55,95,-,14.256952078947212,3.0580099365178097e-06,0.00016513253657196215,374401
pos_patterns.pattern_1,1,184,189,204,-,10.899850490080906,0.00010351743549108481,0.0008710976069172222,374401
neg_patterns.pattern_0,8,184,107,122,-,9.269870758599193,0.0004212344065308571,0.0008501409054616691,374401
neg_patterns.pattern_0,8,184,133,148,-,9.209699977758126,0.0004212344065308571,0.0008501409054616691,374401
pos_patterns.pattern_6,6,188,216,227,-,15.175101092889571,2.963468432426448e-06,0.0005422712896357869,338976
neg_patterns.pattern_0,8,188,119,134,+,9.428187824393047,0.00032586976885795534,0.0008260337169198944,338976
neg_patterns.pattern_0,8,188,160,175,-,8.711910356375284,0.0007034791633486747,0.0009259027223486233,338976
pos_patterns.pattern_6,6,197,162,174,-,16.800400156776835,3.1385570764541594e-07,0.0004920982238319189,120861
neg_patterns.pattern_0,8,201,67,77,+,9.204274156853145,0.00042123440653085654,0.0008501409054616691,154827
pos_patterns.pattern_0,0,205,212,225,+,10.26489886703423,0.0001843087375164032,0.0009937761351466183,77281
pos_patterns.pattern_6,6,205,74,87,-,8.394566794719198,0.0002695629373192791,0.0008722880362149568,77281
pos_patterns.pattern_0,0,214,13,24,+,8.884993189451613,0.0005410639569163324,0.0009937761351466183,341669
neg_patterns.pattern_0,8,214,138,153,+,8.41784991642262,0.000894484110176563,0.0009600851127218,341669
neg_patterns.pattern_0,8,217,145,154,+,10.743501073527808,1.7843209207057953e-05,0.0004884840920567513,350303
pos_patterns.pattern_1,1,217,170,181,-,10.252534188530605,0.00016165710985660537,0.0008912524257702803,350303
neg_patterns.pattern_0,8,222,223,234,+,10.074967553113824,0.00011750217527151101,0.0007083615592145236,244115
neg_patterns.pattern_0,8,224,78,88,-,8.773966466077553,0.0007034791633486747,0.0009259027223486233,114961
pos_patterns.pattern_5,5,228,224,236,+,15.704614549565555,1.1967495083808871e-06,0.00020097773522138575,383279
pos_patterns.pattern_7,7,228,17,37,-,10.482946547563287,8.841624003252946e-05,0.0009429871488464413,383279
neg_patterns.pattern_0,8,229,200,212,-,9.3604370333212,0.0003721658140420912,0.0008351300378745865,165676
neg_patterns.pattern_0,8,229,165,175,-,8.756790589553077,0.0007034791633486747,0.0009259027223486233,165676
pos_patterns.pattern_7,7,230,83,96,+,11.255956379664028,3.7722097658843254e-05,0.0009429871488464413,120951
pos_patterns.pattern_6,6,230,109,120,-,6.811658720984602,0.0004975339397788052,0.0008986508007171763,120951
neg_patterns.pattern_0,8,231,98,107,+,9.409805853524094,0.00032586976885795534,0.0008260337169198944,315859
neg_patterns.pattern_0,8,231,117,127,-,8.788437614530286,0.0007034791633486747,0.0009259027223486233,315859
neg_patterns.pattern_0,8,233,104,119,-,9.191831712323783,0.00047300383448600774,0.0008680441031931703,67272
neg_patterns.pattern_0,8,245,100,115,-,10.835528974703424,1.2530013918876594e-05,0.0004485744982957843,346126
pos_patterns.pattern_7,7,246,85,105,+,11.00440851280716,4.70588829557528e-05,0.0009429871488464413,384625
pos_patterns.pattern_6,6,249,105,122,-,14.297270444124198,7.291324436664562e-06,0.000601892555622677,309715
neg_patterns.pattern_1,9,254,123,148,-,18.494820873181567,3.2241853986647605e-07,1.3071079649833088e-05,266222
neg_patterns.pattern_1,9,254,183,198,+,10.976786907548119,4.213359849813963e-05,0.00017347388779610098,266222
neg_patterns.pattern_0,8,258,73,88,-,10.70371316547567,1.784320920705789e-05,0.0004884840920567513,256966
neg_patterns.pattern_0,8,258,225,232,+,9.379015911470578,0.0003721658140420908,0.0008351300378745865,256966
pos_patterns.pattern_3,3,261,116,126,-,8.879948291930187,0.00026152569566208824,0.0007277984820069955,243103
neg_patterns.pattern_0,8,262,63,74,-,8.942359185967799,0.0005842950195074084,0.0008950984268556545,318376
neg_patterns.pattern_0,8,273,115,123,-,9.15419033372992,0.00047300383448600774,0.0008680441031931703,320905
neg_patterns.pattern_0,8,273,133,141,+,8.662404793484509,0.0007654465734958653,0.0009355011431328145,320905
neg_patterns.pattern_0,8,273,161,170,+,8.427233343011753,0.000894484110176563,0.0009600851127218,320905
pos_patterns.pattern_0,0,275,50,60,-,9.440360583264603,0.000359365716576576,0.0009937761351466183,296612
neg_patterns.pattern_0,8,275,133,142,-,9.249105923880137,0.0004212344065308571,0.0008501409054616691,296612
neg_patterns.pattern_0,8,275,159,168,+,9.179232012915236,0.00047300383448600715,0.0008680441031931703,296612
neg_patterns.pattern_0,8,277,76,91,+,10.12183373909197,9.467266499996184e-05,0.0006863030886445833,230829
neg_patterns.pattern_0,8,277,147,162,+,9.194258867801013,0.00047300383448600715,0.0008680441031931703,230829
neg_patterns.pattern_0,8,277,189,204,-,8.7963325877983,0.0007034791633486747,0.0009259027223486233,230829
neg_patterns.pattern_0,8,280,224,236,+,8.799580669841992,0.0007034791633486747,0.0009259027223486233,401206
pos_patterns.pattern_5,5,280,152,167,-,7.644204900517422,0.0006026811897754664,0.0009781834887009919,401206
neg_patterns.pattern_0,8,283,139,154,+,10.493029346763564,4.493165761232379e-05,0.0005974626700792998,32447
neg_patterns.pattern_0,8,283,160,175,-,9.637949036071362,0.00024269614368677145,0.0008033484016488153,32447
neg_patterns.pattern_0,8,283,81,96,+,9.566937116980501,0.00028260797262191724,0.0008199859754254393,32447
neg_patterns.pattern_0,8,283,16,31,-,8.742911954403075,0.0007034791633486747,0.0009259027223486233,32447
neg_patterns.pattern_1,9,284,46,71,-,11.138071567396814,3.782806327645716e-05,0.00016412863250515937,280561
pos_patterns.pattern_7,7,284,148,168,-,10.412089404511494,8.841624003252946e-05,0.0009429871488464413,280561
